[
  {
    "group": "tql",
    "name": "tql",
    "className": "com.jsb.TqlInterpreter",
    "properties": {
      "tql.service.url": {
        "envName": null,
        "propertyName": "tql.service.url",
        "defaultValue": "http://localhost:9090/rest/search/tql",
        "description": "TQL service URL. Default = http://localhost:9090/rest/search/tql",
        "type": "string"
      },
      "tql.service.request.method": {
        "envName": null,
        "propertyName": "tql.service.request.method",
        "defaultValue": "POST",
        "description": "TQL service request method. Default: POST",
        "type": "string"
      },
      "tql.service.accept.header": {
        "envName": null,
        "propertyName": "tql.service.accept.header",
        "defaultValue": "text/csv",
        "description": "Accept header, Example: application/json | text/csv. Default: text/csv",
        "type": "string"
      }
    },
    "editor": {
      "language": "sql",
      "editOnDblClick": false,
      "completionSupport": true
    }
  }
]